ABCDEF,30541202220      ,   Smart Street,   000,New Line2,      Boston,      MA,      23434      ,      23423432423423      ,      Lokesh      ,      Master card      , 999 ,      2024
Stella,824-8310-46     ,   John Street,  512,Adams BUILDING,     Miami,     FL,     64423     ,     1884897208     ,     Stella     ,     MASTER     , 424 ,     2026
ABCDEF,30541202220   ,  000, Smart Street,New Line2,   Boston,   MA,   23434   ,   23423432423423   ,   Lokesh   ,   Master card   , 999 ,   2024
ABCDEF,30541202220      ,   Smart Street,   000,New Line2,      Boston,      MA,      23434      ,      23423432423423      ,      Lokesh      ,      Master card      , 999 ,      2024
Naomi,194-0299-03     ,   John Street,  149,Crawford BUILDING,     Miami,     FL,     60230     ,     560655735     ,     Naomi     ,     EURO     , 229 ,     2026
ABCDEF,30541202220      ,   Smart Street,   000,New Line2,      Boston,      MA,      23434      ,      23423432423423      ,      Lokesh      ,      Master card      , 999 ,      2024
Lokesh,30541202220      ,   Smart Street,   000,New Line2,      Boston,      MA,      23434      ,      23423432423423      ,      Lokesh      ,      Master card      , 999 ,      2024
Ashton,067-9128-28     ,   John Street,  747,Davis BUILDING,     Miami,     FL,     36455     ,     9911369663     ,     Ashton     ,     MASTER     , 552 ,     2026
Arnold,987-1560-64     ,   John Street,  353,Rogers BUILDING,     Miami,     FL,     98745     ,     9953855070     ,     Arnold     ,     VISA     , 732 ,     2026
Amy,862-9580-05     ,   John Street,  370,Barrett BUILDING,     Miami,     FL,     50520     ,     6233913212     ,     Amy     ,     VISA     , 944 ,     2026
Arnold,712-0726-52     ,   John Street,  126,Allen BUILDING,     Miami,     FL,     22048     ,     8888271509     ,     Arnold     ,     EURO     , 159 ,     2026
Rafael,800-5617-44     ,   John Street,  561,Harris BUILDING,     Miami,     FL,     80842     ,     9743661326     ,     Rafael     ,     VISA     , 548 ,     2026
Heather,112-2099-66     ,   John Street,  946,Casey BUILDING,     Miami,     FL,     47145     ,     2238423128     ,     Heather     ,     VISA     , 575 ,     2026
Steven,410-6956-90     ,   John Street,  84,Howard BUILDING,     Miami,     AL,     83458     ,     9712828571     ,     Steven     ,     VISA     , 827 ,     2027
Audrey,868-6161-55     ,   John Street,  524,Grant BUILDING,     Miami,     FL,     62691     ,     6518385279     ,     Audrey     ,     VISA     , 538 ,     2026
ï»¿Julio,113-2099-66     ,   John Street,  910,New  BUILDING,     Miami,     FL,     93239     ,     123355343     ,     Julio     ,     MASTER     , 994 ,     2026
Abigail,543-5165-53     ,   John Street,  287,Crawford BUILDING,     Miami,     FL,     59928     ,     2760398124     ,     Abigail     ,     MASTER     , 639 ,     2026
Lokesh,30541202220      ,   Smart Street,   000,New Line2,      Boston,      MA,      23434      ,      23423432423423      ,      Lokesh      ,      Master card      , 999 ,      2024
James,785-0481-20     ,   John Street,  469,Johnson BUILDING,     Miami,     FL,     21027     ,     7870593425     ,     James     ,     VISA     , 393 ,     2026
ABCDEF,30541202220     ,   000,  Smart Street,New Line2,     Boston,     MA,     23434     ,     23423432423423     ,     Lokesh     ,     Master card     , 999 ,     2024
Edward,006-4085-86     ,   John Street,  442,Wilson BUILDING,     Miami,     FL,     67256     ,     4838844215     ,     Edward     ,     EURO     , 423 ,     2026
Elian,071-7161-64     ,   John Street,  634,Hawkins BUILDING,     Miami,     FL,     48351     ,     912613020     ,     Elian     ,     EURO     , 913 ,     2026
Amelia,973-9455-43     ,   John Street,  185,Morrison BUILDING,     Miami,     FL,     78472     ,     8175212235     ,     Amelia     ,     VISA     , 877 ,     2026
ABCDEF,30541202220  , Smart Street, 000,New Line2,  Boston,  MA,  23434  ,  23423432423423  ,  Lokesh  ,  Master card  , 999 ,  2024
Jacob,505-7577-47     ,   John Street,  428,Ferguson BUILDING,     Miami,     FL,     45602     ,     6965031876     ,     Jacob     ,     MASTER     , 256 ,     2026
Walter,976-4614-46     ,   John Street,  173,Morrison BUILDING,     Miami,     FL,     71346     ,     8087892932     ,     Walter     ,     EURO     , 922 ,     2026
Agata,804-3843-84     ,   John Street,  870,Lloyd BUILDING,     Miami,     FL,     65017     ,     3553531327     ,     Agata     ,     VISA     , 312 ,     2026
Walter,016-9236-98     ,   John Street,  813,Tucker BUILDING,     Miami,     FL,     33570     ,     9703312691     ,     Walter     ,     EURO     , 374 ,     2026
Clark,894-0255-85     ,   John Street,  836,Brooks BUILDING,     Miami,     FL,     88719     ,     3228176654     ,     Clark     ,     MASTER     , 579 ,     2026
Owen,385-2681-67     ,   John Street,  130,Ferguson BUILDING,     Miami,     FL,     93755     ,     2950901464     ,     Owen     ,     EURO     , 960 ,     2026
Aida,728-2273-39     ,   John Street,  380,Andrews BUILDING,     Miami,     FL,     45227     ,     3668418607     ,     Aida     ,     MASTER     , 507 ,     2026
Penelope,325-5621-23     ,   John Street,  320,Walker BUILDING,     Miami,     FL,     41372     ,     43140858     ,     Penelope     ,     MASTER     , 441 ,     2026
Preston,804-8690-34     ,   John Street,  733,Henderson BUILDING,     Miami,     FL,     17450     ,     2795409581     ,     Preston     ,     MASTER     , 236 ,     2026
Lyndon,765-0194-30     ,   John Street,  776,Mitchell BUILDING,     Miami,     FL,     81710     ,     5323121972     ,     Lyndon     ,     EURO     , 458 ,     2026
Abigail,581-2776-66     ,   John Street,  686,Edwards BUILDING,     Miami,     FL,     59537     ,     3902785531     ,     Abigail     ,     MASTER     , 910 ,     2026
ABCDEF,30541202220      ,   Smart Street,   000,New Line2,      Boston,      MA,      23434      ,      23423432423423      ,      Lokesh      ,      Master card      , 999 ,      2024
Michelle,962-1139-76     ,   John Street,  468,Thomas BUILDING,     Miami,     FL,     38702     ,     1164152623     ,     Michelle     ,     EURO     , 260 ,     2026
ABCDEF,30541202220    ,  Smart Street,  000,New Line2,    Boston,    MA,    23434    ,    23423432423423    ,    Lokesh    ,    Master card    , 999 ,    2024
Alen,698-4807-43     ,   John Street,  563,Barnes BUILDING,     Miami,     FL,     72986     ,     3824545986     ,     Alen     ,     EURO     , 638 ,     2026
